player_name	normalized_name
Xavier Worthy	xavier worthy
J.J. Arcega-Whiteside	jj arcega-whiteside
Christian Blake	christian blake
Feleipe Franks	feleipe franks
Brevyn Spann-Ford	brevyn spann-ford
Dominik Eberle	dominik eberle
Devin Asiasi	devin asiasi
Ray-Ray McCloud	ray-ray mccloud
Tanner Hudson	tanner hudson
Corey Kiner	corey kiner
Nick Folk	nick folk
Jahan Dotson	jahan dotson
Evan Engram	evan engram
Kenny Stills	kenny stills
Kendre Miller	kendre miller
KaVontae Turpin	kavontae turpin
Ollie Gordon II	ollie gordon
Ihmir Smith-Marsette	ihmir smith-marsette
Rico Gafford	rico gafford
Detrez Newsome	detrez newsome
Davante Adams	davante adams
Devon Allen	devon allen
Dillon Stoner	dillon stoner
Ryan Tannehill	ryan tannehill
Michael Penix Jr.	michael penix
Chase Brown	chase brown
Trevon Wesco	trevon wesco
Corey Clement	corey clement
Elic Ayomanor	elic ayomanor
Darrel Williams	darrel williams
Trinity Benson	trinity benson
Dwayne Allen	dwayne allen
Carter Runyon	carter runyon
Tyrion Davis-Price	tyrion davis-price
Quez Watkins	quez watkins
Noah Brown	noah brown
Efton Chism III	efton chism
James Washington	james washington
Aaron Jones	aaron jones
Cody Core	cody core
Lee Smith	lee smith
Princeton Fant	princeton fant
Penny Hart	penny hart
Trey Burton	trey burton
Geremy Davis	geremy davis
Matt Moore	matt moore
Chris Ivory	chrisory
Parker Washington	parker washington
Tyrell Williams	tyrell williams
Jarius Wright	jarius wright
Jakobi Meyers	jakobi meyers
Dezmon Patmon	dezmon patmon
Bailey Zappe	bailey zappe
Kahale Warring	kahale warring
John Franklin	john franklin
Raheem Mostert	raheem mostert
Tyrone Tracy Jr.	tyrone tracy
Lucas Havrisik	lucas havrisik
Dillon Gabriel	dillon gabriel
Steven Mitchell	steven mitchell
Damion Ratley	damion ratley
Kaden Smith	kaden smith
Isaiah Crowell	isaiah crowell
Cameron Dicker	cameron dicker
Michael Carter	michael carter
Andre Holmes	andre holmes
Vance McDonald	vance mcdonald
Mason Tipton	mason tipton
Nate McCrary	nate mccrary
Orson Charles	orson charles
Erick All	erick all
Robbie Ouzts	robbie ouzts
Harold Fannin Jr.	harold fannin
Cade Otton	cade otton
Brandon Marshall	brandon marshall
Justin Watson	justin watson
Amar Johnson	amar johnson
Jason Huntley	jason huntley
River Cracraft	river cracraft
T.J. Jones	tj jones
Zaire Mitchell-Paden	zaire mitchell-paden
Tyler Warren	tyler warren
Trey McBride	trey mcbride
Darrell Daniels	darrell daniels
Adam Trautman	adam trautman
Dez Bryant	dez bryant
Kendrick Bourne	kendrick bourne
Ishmael Hyman	ishmael hyman
Evan Baylis	evan baylis
Stacy Coley	stacy coley
Ryan Flournoy	ryan flournoy
Cade York	cade york
Seth DeValve	seth devalve
Matt Sokol	matt sokol
Raleigh Webb	raleigh webb
Ryan Griffin	ryan griffin
Jack Doyle	jack doyle
Dede Westbrook	dede westbrook
Andre Roberts	andre roberts
Rashod Bateman	rashod bateman
Richard Rodgers	richard rodgers
J.D. McKissic	jd mckissic
Josiah Deguara	josiah deguara
Jamison Crowder	jamison crowder
Jordan Wilkins	jordan wilkins
Xavier Jones	xavier jones
John FitzPatrick	john fitzpatrick
Charone Peake	charone peake
Cody White	cody white
Deven Thompkins	deven thompkins
Khalil Herbert	khalil herbert
Sione Vaki	sioneaki
Tory Horton	tory horton
Curtis Samuel	curtis samuel
Elijah Dotson	elijah dotson
J.J. McCarthy	jj mccarthy
Austin Ekeler	austin ekeler
Niles Paul	niles paul
James Proche	james proche
Dalton Schultz	dalton schultz
Ty'Son Williams	ty'son williams
KeAndre Lambert-Smith	keandre lambert-smith
Colin Thompson	colin thompson
Dalvin Cook	dalvin cook
Tyler Ervin	tyler ervin
Elijah Higgins	elijah higgins
Jason Moore	jason moore
Chris Carson	chris carson
Ameer Abdullah	ameer abdullah
Allen Hurns	allen hurns
Anthony Richardson	anthony richardson
Zach Davidson	zach davidson
Armani Rogers	armani rogers
Kyle Lauletta	kyle lauletta
A.T. Perry	at perry
Cody Latimer	cody latimer
Chris Hogan	chris hogan
Dennis Houston	dennis houston
Matt Ryan	matt ryan
Connor Heyward	connor heyward
Brady Cook	brady cook
Dalen Cambre	dalen cambre
Braxton Berrios	braxton berrios
Spencer Rattler	spencer rattler
Trestan Ebner	trestan ebner
Snoop Conner	snoop conner
Trevor Lawrence	trevor lawrence
Alex Kessman	alex kessman
Albert Okwuegbunam	albert okwuegbunam
Damiere Byrd	damiere byrd
Dion Lewis	dion lewis
Charlie Jones	charlie jones
Colby Parkinson	colby parkinson
Kelvin Harmon	kelvin harmon
Kelvin Benjamin	kelvin benjamin
Eric Saubert	eric saubert
Jalen Guyton	jalen guyton
Marcell Ateman	marcell ateman
Marqise Lee	marqise lee
Marshawn Lynch	marshawn lynch
Kenneth Dixon	kenneth dixon
Ainias Smith	ainias smith
Aldrick Rosas	aldrick rosas
David Martin-Robinson	david martin-robinson
Jeremy McNichols	jeremy mcnichols
Sam LaPorta	sam laporta
Bucky Irving	bucky irving
Trace McSorley	trace mcsorley
Harrison Bryant	harrison bryant
Greg Zuerlein	greg zuerlein
MyCole Pruitt	mycole pruitt
DeAndre Carter	deandre carter
A.J. Derby	aj derby
Cordarrelle Patterson	cordarrelle patterson
Tez Johnson	tez johnson
Emeka Egbuka	emeka egbuka
Jared Wayne	jared wayne
Caleb Huntley	caleb huntley
Artavis Pierce	artavis pierce
Mike Glennon	mike glennon
Dan Arnold	dan arnold
J.P. Holtz	jp holtz
Michael Mayer	michael mayer
Terry McLaurin	terry mclaurin
Easton Stick	easton stick
Brice Butler	brice butler
Kawaan Baker	kawaan baker
Ryan Santoso	ryan santoso
Dalevon Campbell	dalevon campbell
Breece Hall	breece hall
Boston Scott	boston scott
Stanley Berryhill	stanley berryhill
Bradley Sowell	bradley sowell
Nico Collins	nico collins
Patrick Taylor	patrick taylor
Jaylen Wright	jaylen wright
Ross Travis	ross travis
Devin Singletary	devin singletary
Jason Sanders	jason sanders
Quincy Enunwa	quincy enunwa
Jordan Love	jordan love
AJ Dillon	aj dillon
DeShone Kizer	deshone kizer
Logan Thomas	logan thomas
Josh Malone	josh malone
Miller Forristall	miller forristall
Tanner McEvoy	tanner mcevoy
Shelton Gibson	shelton gibson
Andy Dalton	andy dalton
Trey Benson	trey benson
Cameron Batson	cameron batson
Dante Pettis	dante pettis
Dustin Hopkins	dustin hopkins
Bub Means	bub means
Jacoby Brissett	jacoby brissett
Scott Simonson	scott simonson
Jamal Agnew	jamal agnew
Demetrius Harris	demetrius harris
Harrison Mevis	harrison mevis
John Metchie III	john metchie
Lance Lenoir	lance lenoir
Rhett Ellison	rhett ellison
Luke Stocker	luke stocker
Derius Davis	derius davis
Elijah McGuire	elijah mcguire
Charcandrick West	charcandrick west
Ryan Switzer	ryan switzer
Kyle Allen	kyle allen
Kyle Williams	kyle williams
Brandon Wilds	brandon wilds
Julio Jones	julio jones
Velus Jones Jr.	velus jones
Zavier Scott	zavier scott
Luke McCaffrey	luke mccaffrey
Brandon Aiyuk	brandon aiyuk
Hendon Hooker	hendon hooker
Case Keenum	case keenum
Taquan Mizzell	taquan mizzell
Matt Dayes	matt dayes
Patrick DiMarco	patrick dimarco
David Blough	david blough
J.J. Taylor	jj taylor
Jeff Driskel	jeff driskel
Drew Sample	drew sample
Tony Jones	tony jones
Jaxson Dart	jaxson dart
Sammy Watkins	sammy watkins
Ian Book	ian book
Isaiah McKenzie	isaiah mckenzie
Darnell Mooney	darnell mooney
Marquise Goodwin	marquise goodwin
Mecole Hardman	mecole hardman
Matt Prater	matt prater
Corey Grant	corey grant
Carlos Hyde	carlos hyde
Sam Ehlinger	sam ehlinger
Trenton Cannon	trenton cannon
Chris Oladokun	chris oladokun
Chase Daniel	chase daniel
Jermaine Burton	jermaine burton
Xavier Legette	xavier legette
Bryce Ford-Wheaton	bryce ford-wheaton
Jacob Hollister	jacob hollister
Preston Williams	preston williams
Ke'Shawn Vaughn	ke'shawnaughn
Brock Wright	brock wright
Jonathan Stewart	jonathan stewart
Xavier Hutchinson	xavier hutchinson
Jalen Cropper	jalen cropper
Marcedes Lewis	marcedes lewis
Bronson Kaufusi	bronson kaufusi
Derrick Gore	derrick gore
Rod Streater	rod streater
Jordan Scarlett	jordan scarlett
David Montgomery	david montgomery
Ja'Marr Chase	ja'marr chase
Jayden Reed	jayden reed
Marquez Stevenson	marquez stevenson
LeQuint Allen Jr.	lequint allen
Thomas Fidone II	thomas fidone
Frank Gore	frank gore
Nick Chubb	nick chubb
Johnny Holton	johnny holton
Charlie Kolar	charlie kolar
Drake London	drake london
Travis Vokolek	travisokolek
Justin Shorter	justin shorter
Cam Phillips	cam phillips
DJ Chark	dj chark
Rodney Smith	rodney smith
Mike Nugent	mike nugent
Sean Tucker	sean tucker
Trey Lance	trey lance
Brandon Tate	brandon tate
Calvin Ridley	calvin ridley
Mark Walton	mark walton
Julius Chestnut	julius chestnut
Miles Sanders	miles sanders
Jason Myers	jason myers
Khari Lee	khari lee
Ryan Fitzpatrick	ryan fitzpatrick
David Fluellen	david fluellen
Brandin Cooks	brandin cooks
Landen Akers	landen akers
Tyler Johnson	tyler johnson
Patrick Laird	patrick laird
Matt Cassel	matt cassel
De'Michael Harris	de'michael harris
Bo Scarbrough	bo scarbrough
Ben Sauls	ben sauls
Cole Turner	cole turner
David Wells	david wells
Isaiah Coulter	isaiah coulter
Desmond Ridder	desmond ridder
Keith Ford	keith ford
Myles Price	myles price
Laquon Treadwell	laquon treadwell
Will Fuller	will fuller
Sincere McCormick	sincere mccormick
Ben Koyack	ben koyack
Chig Okonkwo	chig okonkwo
Luke Willson	luke willson
LeSean McCoy	lesean mccoy
Ben Victor	benictor
Breshad Perriman	breshad perriman
Adonai Mitchell	adonai mitchell
Tank Bigsby	tank bigsby
Keaontay Ingram	keaontay ingram
A.J. Brown	aj brown
Jaron Brown	jaron brown
Tony Pollard	tony pollard
Jahmyr Gibbs	jahmyr gibbs
Grant DuBose	grant dubose
Danny Gray	danny gray
DaeSean Hamilton	daesean hamilton
Tim Jones	tim jones
Sterling Shepard	sterling shepard
Michael Thomas	michael thomas
Kirk Cousins	kirk cousins
Danny Vitale	dannyitale
Phillip Dorsett	phillip dorsett
Janarion Grant	janarion grant
Geno Smith	geno smith
Cody Thompson	cody thompson
DJ Moore	dj moore
Tyler Huntley	tyler huntley
DeAndre Hopkins	deandre hopkins
Brycen Hopkins	brycen hopkins
Cedrick Wilson Jr.	cedrick wilson
Jordan Mason	jordan mason
John Kelly	john kelly
Rico Dowdle	rico dowdle
Courtland Sutton	courtland sutton
Daylen Baldwin	daylen baldwin
Nate Sudfeld	nate sudfeld
Ben Ellefson	ben ellefson
Jordan Watkins	jordan watkins
Skylar Thompson	skylar thompson
Johnny Mundt	johnny mundt
Jake Fromm	jake fromm
Matthew Slater	matthew slater
Michael Gallup	michael gallup
Tyson Bagent	tyson bagent
Jermaine Kearse	jermaine kearse
Jordan Veasy	jordaneasy
Ben Braunecker	ben braunecker
Sam Sloman	sam sloman
Pat Freiermuth	pat freiermuth
Tyrod Taylor	tyrod taylor
Simi Fehoko	simi fehoko
Kai Forbath	kai forbath
Harrison Butker	harrison butker
Bruce Ellington	bruce ellington
Elijah Moore	elijah moore
Xavier Restrepo	xavier restrepo
Codey McElroy	codey mcelroy
Eric Gray	eric gray
Alfred Blue	alfred blue
Anders Carlson	anders carlson
Kyle Rudolph	kyle rudolph
Dareke Young	dareke young
Lance Kendricks	lance kendricks
De'Anthony Thomas	de'anthony thomas
Beaux Collins	beaux collins
Reggie Bonnafon	reggie bonnafon
Chuba Hubbard	chuba hubbard
Josh Rosen	josh rosen
David Bell	david bell
Audric Estimé	audric estimé
Pierre Garcon	pierre garcon
Andre Baccellia	andre baccellia
Jason Vander Laan	jasonander laan
Brian Robinson	brian robinson
Rashid Shaheed	rashid shaheed
Javon Baker	javon baker
Tyler Goodson	tyler goodson
Levante Bellamy	levante bellamy
Tyler Mabry	tyler mabry
Ben VanSumeren	benansumeren
Sam Bradford	sam bradford
Trenton Irwin	trenton irwin
Kalel Mullings	kalel mullings
Jase McClellan	jase mcclellan
Mike Evans	mike evans
Leonard Fournette	leonard fournette
Chris Lacy	chris lacy
Travis Homer	travis homer
Lynn Bowden	lynn bowden
Mike White	mike white
Kenny Pickett	kenny pickett
Greg Dortch	greg dortch
Trey Palmer	trey palmer
Mark Sanchez	mark sanchez
DeAndre Washington	deandre washington
Tyler Higbee	tyler higbee
O.J. Howard	oj howard
DeVante Parker	devante parker
Quadree Henderson	quadree henderson
Trent Sherfield	trent sherfield
Allen Lazard	allen lazard
Derek Carr	derek carr
Rome Odunze	rome odunze
Javonte Williams	javonte williams
James Conner	james conner
Brian Parker	brian parker
Colton Dowell	colton dowell
Emmanuel Sanders	emmanuel sanders
D.J. Montgomery	dj montgomery
Dalyn Dawkins	dalyn dawkins
Freddie Martino	freddie martino
Jeremy Hill	jeremy hill
Joe Flacco	joe flacco
Wes Hills	wes hills
Braylon Sanders	braylon sanders
Julian Hill	julian hill
Jacquizz Rodgers	jacquizz rodgers
Ja'Marcus Bradley	ja'marcus bradley
Mike Thomas	mike thomas
Wil Lutz	wil lutz
Brian Hill	brian hill
Parker Hesse	parker hesse
Jaleel Scott	jaleel scott
Jermaine Gresham	jermaine gresham
AJ Barner	aj barner
Kimani Vidal	kimaniidal
Brandon Allen	brandon allen
Dwayne Harris	dwayne harris
Kaelin Clay	kaelin clay
LeGarrette Blount	legarrette blount
Ryan Izzo	ryan izzo
Ito Smith	ito smith
Keelan Doss	keelan doss
John Hightower	john hightower
Josh Perkins	josh perkins
Cethan Carter	cethan carter
Isaac Guerendo	isaac guerendo
Trevor Siemian	trevor siemian
C.J. Anderson	cj anderson
Leonte Carroo	leonte carroo
Clyde Edwards-Helaire	clyde edwards-helaire
Hayden Hurst	hayden hurst
Jonathan Mingo	jonathan mingo
Keaton Mitchell	keaton mitchell
Khalil Shakir	khalil shakir
Anthony Schwartz	anthony schwartz
Tommy Tremble	tommy tremble
Antoine Wesley	antoine wesley
Chad Henne	chad henne
Aidan O'Connell	aidan o'connell
Mason Taylor	mason taylor
Patrick Mahomes	patrick mahomes
Isiah Pacheco	isiah pacheco
Dylan Drummond	dylan drummond
Vyncint Smith	vyncint smith
Gage Larvadain	gage larvadain
Carson Wentz	carson wentz
Darius Jackson	darius jackson
Jaheim Bell	jaheim bell
Jake Luton	jake luton
Riley Ridley	riley ridley
Taylor Bertolet	taylor bertolet
Jalen Nailor	jalen nailor
Colston Loveland	colston loveland
Vernon Davis	vernon davis
Adrian Martinez	adrian martinez
Henry Pearson	henry pearson
Chase McLaughlin	chase mclaughlin
Russell Shepard	russell shepard
Philip Rivers	philip rivers
Trishton Jackson	trishton jackson
Dyami Brown	dyami brown
Craig Reynolds	craig reynolds
Kirk Merritt	kirk merritt
Parris Campbell	parris campbell
Tua Tagovailoa	tua tagovailoa
Adrian Killins Jr.	adrian killins
Jalen Milroe	jalen milroe
Jake Tonges	jake tonges
Dave Williams	dave williams
Senorise Perry	senorise perry
Jameis Winston	jameis winston
Tajae Sharpe	tajae sharpe
Tee Higgins	tee higgins
Qadree Ollison	qadree ollison
Blaine Gabbert	blaine gabbert
Colt McCoy	colt mccoy
Peyton Hendershot	peyton hendershot
Jacob Saylors	jacob saylors
Damion Willis	damion willis
Nick O'Leary	nick o'leary
Derrick Henry	derrick henry
Jared Cook	jared cook
Chris Thompson	chris thompson
Andre Patton	andre patton
C.J. Beathard	cj beathard
Juwan Johnson	juwan johnson
Brandon Johnson	brandon johnson
Rashard Davis	rashard davis
Kadarius Toney	kadarius toney
Darnell Washington	darnell washington
Josh Johnson	josh johnson
Will Dissly	will dissly
Lamar Miller	lamar miller
Kevin Austin Jr.	kevin austin
Raheim Sanders	raheim sanders
Jamari Thrash	jamari thrash
Zay Flowers	zay flowers
Richie James	richie james
Younghoe Koo	younghoe koo
Tyler Davis	tyler davis
Bryce Oliver	bryce oliver
Elijah Mitchell	elijah mitchell
Juwann Winfree	juwann winfree
Rashaad Penny	rashaad penny
Logan Paulsen	logan paulsen
Moliki Matavao	moliki matavao
Rakim Jarrett	rakim jarrett
Shi Smith	shi smith
Zach Wilson	zach wilson
Blake Grupe	blake grupe
Brycen Tremayne	brycen tremayne
Zander Horvath	zander horvath
Ramiz Ahmed	ramiz ahmed
Greg Olsen	greg olsen
Devin Funchess	devin funchess
Jesper Horsted	jesper horsted
Pierre Strong	pierre strong
George Holani	george holani
Davis Webb	davis webb
Robert Griffin III	robert griffin
Hale Hentges	hale hentges
Cam Sims	cam sims
Kylen Granson	kylen granson
Brenton Strange	brenton strange
George Kittle	george kittle
Malik Cunningham	malik cunningham
E.J. Jenkins	ej jenkins
Demarcus Robinson	demarcus robinson
Mark Ingram	mark ingram
Dak Prescott	dak prescott
RJ Harvey	rj harvey
Greg Dulcich	greg dulcich
Cam Grandy	cam grandy
Jared Goff	jared goff
Kapri Bibbs	kapri bibbs
Drew Lock	drew lock
Maurice Harris	maurice harris
Chris Brooks	chris brooks
Collin Johnson	collin johnson
Taylor Heinicke	taylor heinicke
Cody Parkey	cody parkey
Ben Sinnott	ben sinnott
Jaylin Noel	jaylin noel
Cooper Rush	cooper rush
Javon Wims	javon wims
Rico Gathers	rico gathers
Joshua Dobbs	joshua dobbs
Kendric Pryor	kendric pryor
Riley Leonard	riley leonard
Taylor Russolino	taylor russolino
Rondale Moore	rondale moore
Donte Moncrief	donte moncrief
Terry Godwin	terry godwin
Devaughn Vele	devaughnele
Travis Benjamin	travis benjamin
Jordan Mims	jordan mims
Isaiah Bond	isaiah bond
Jayden Daniels	jayden daniels
Cole Kmet	cole kmet
Steven Sims	steven sims
Nelson Agholor	nelson agholor
Xavier Gipson	xavier gipson
Keith Kirkwood	keith kirkwood
Oronde Gadsden II	oronde gadsden
John Ursua	john ursua
Devine Ozigbo	devine ozigbo
Kyle Trask	kyle trask
Michael Roberts	michael roberts
Johnny Stanton	johnny stanton
Blake Whiteheart	blake whiteheart
Easop Winston	easop winston
Dax Milne	dax milne
Terrelle Pryor	terrelle pryor
Evan Hull	evan hull
Montrell Washington	montrell washington
Chad Hansen	chad hansen
Cedric Tillman	cedric tillman
Adam Humphries	adam humphries
Tyler Badie	tyler badie
Benny Cunningham	benny cunningham
Jonathon Brooks	jonathon brooks
Ryquell Armstead	ryquell armstead
Zay Jones	zay jones
Gehrig Dieter	gehrig dieter
Rasheen Ali	rasheen ali
Matt Barkley	matt barkley
Duke Williams	duke williams
Chris Moore	chris moore
Tucker Fisk	tucker fisk
Dominique Dafney	dominique dafney
Tay Martin	tay martin
Hunter Long	hunter long
Stefon Diggs	stefon diggs
Austin Carr	austin carr
Alfred Morris	alfred morris
Ben DiNucci	ben dinucci
C.J. Prosise	cj prosise
Kyler Murray	kyler murray
Arian Smith	arian smith
Malcolm Brown	malcolm brown
Phil Dawson	phil dawson
Darrynton Evans	darrynton evans
Temarrick Hemingway	temarrick hemingway
Jaleel McLaughlin	jaleel mclaughlin
Tre Harris	tre harris
Cade Stover	cade stover
Drake Maye	drake maye
Deebo Samuel Sr.	deebo samuel
Isaac Nauta	isaac nauta
Will Reichard	will reichard
Clive Walford	clive walford
Trevor Davis	trevor davis
Jake Ferguson	jake ferguson
Caleb Wilson	caleb wilson
Alexander Mattison	alexander mattison
Jimmy Graham	jimmy graham
Jauan Jennings	jauan jennings
British Brooks	british brooks
Najee Harris	najee harris
Sean Mannion	sean mannion
Gerald Everett	gerald everett
Theo Johnson	theo johnson
Demaryius Thomas	demaryius thomas
Shaun Wilson	shaun wilson
Jeremy Ruckert	jeremy ruckert
Jacques Patrick	jacques patrick
Tyler Shough	tyler shough
Jacob Eason	jacob eason
Frank Darby	frank darby
Tyler Lockett	tyler lockett
Jaylin Lane	jaylin lane
Andy Isabella	andy isabella
Riley Patterson	riley patterson
Jordan Addison	jordan addison
Jeremy Sprinkle	jeremy sprinkle
Andrei Iosivas	andrei iosivas
PJ Walker	pj walker
Tarik Cohen	tarik cohen
Eric Ebron	eric ebron
Josh Adams	josh adams
Stephen Gostkowski	stephen gostkowski
Michael Walker	michael walker
Brandon Dillon	brandon dillon
Zach Gentry	zach gentry
Clayton Tune	clayton tune
David Grinnage	david grinnage
Devin Culp	devin culp
Ryan Hewitt	ryan hewitt
Tyler Bass	tyler bass
Mason Crosby	mason crosby
Shedrick Jackson	shedrick jackson
Trey Edmunds	trey edmunds
Tom Kennedy	tom kennedy
Chad Kelly	chad kelly
Latavius Murray	latavius murray
Mike Badgley	mike badgley
Caleb Williams	caleb williams
Jaelon Darden	jaelon darden
Tai Felton	tai felton
Brian Hoyer	brian hoyer
Matthew Stafford	matthew stafford
Joe Mixon	joe mixon
Mitchell Wilcox	mitchell wilcox
Tevin Coleman	tevin coleman
Jason Brownlee	jason brownlee
Jordan Howard	jordan howard
Ian Thomas	ian thomas
Zach Evans	zach evans
Jawill Davis	jawill davis
Cole Fotheringham	cole fotheringham
Luke Musgrave	luke musgrave
Raymond Calais	raymond calais
Dare Ogunbowale	dare ogunbowale
Daniel Bellinger	daniel bellinger
Hakeem Butler	hakeem butler
Isaiah Williams	isaiah williams
KhaDarel Hodge	khadarel hodge
Deuce Vaughn	deuceaughn
Jamaal Charles	jamaal charles
Malik Willis	malik willis
Equanimeous St. Brown	equanimeous st brown
Charles Clay	charles clay
Nathan Cottrell	nathan cottrell
Justin Jackson	justin jackson
Kenyan Drake	kenyan drake
Gardner Minshew	gardner minshew
Tyler Kroft	tyler kroft
Javorius Allen	javorius allen
Bryce Perkins	bryce perkins
Jace Sternberger	jace sternberger
Dylan Laube	dylan laube
Jerome Ford	jerome ford
Keleki Latu	keleki latu
Cyril Grayson	cyril grayson
Jacardia Wright	jacardia wright
Joseph Fortson	joseph fortson
Ryan Succop	ryan succop
Seth Roberts	seth roberts
Sergio Castillo	sergio castillo
Nyheim Hines	nyheim hines
Will Levis	will levis
Cameron Brate	cameron brate
C.J. Uzomah	cj uzomah
Trey Sermon	trey sermon
Gabe Holmes	gabe holmes
Robert Woods	robert woods
Nick Boyle	nick boyle
Puka Nacua	puka nacua
Anthony Firkser	anthony firkser
Dan Chisena	dan chisena
Dion Sims	dion sims
Mo Alie-Cox	mo alie-cox
Mike Strachan	mike strachan
Tim Boyle	tim boyle
Jawhar Jordan	jawhar jordan
Konata Mumpfield	konata mumpfield
Mike Gillislee	mike gillislee
Devin Neal	devin neal
Kellen Mond	kellen mond
Matt Cole	matt cole
Jordan Matthews	jordan matthews
Ben Yurosek	ben yurosek
Josh Lambo	josh lambo
Le'Veon Bell	le'veon bell
Josh Downs	josh downs
Christine Michael	christine michael
TreVeyon Henderson	treveyon henderson
Bennie Fowler	bennie fowler
Hassan Haskins	hassan haskins
Daniel Carlson	daniel carlson
Tyler Conklin	tyler conklin
Kaden Davis	kaden davis
Jake Kumerow	jake kumerow
Aaron Rodgers	aaron rodgers
Sony Michel	sony michel
Chris Rowland	chris rowland
Zamir White	zamir white
Mike Williams	mike williams
DJ Giddens	dj giddens
Rob Kelley	rob kelley
Jaylen Samuels	jaylen samuels
Jake Elliott	jake elliott
Justin Herbert	justin herbert
J.J. Nelson	jj nelson
Davis Allen	davis allen
Peyton Barber	peyton barber
De'Angelo Henderson Sr.	de'angelo henderson
Malcolm Perry	malcolm perry
Jake Browning	jake browning
Stevan Ridley	stevan ridley
Pat Bryant	pat bryant
Devin Smith	devin smith
Sam Ficken	sam ficken
Darius Slayton	darius slayton
Chris Godwin Jr.	chris godwin
Zach Ertz	zach ertz
Johnny Wilson	johnny wilson
Damien Williams	damien williams
Josh Ferguson	josh ferguson
Jordan Akins	jordan akins
Tahj Washington	tahj washington
Justin Tucker	justin tucker
Ross Dwelley	ross dwelley
Chris Collier	chris collier
Kendall Blanton	kendall blanton
Deonte Thompson	deonte thompson
Marcus Murphy	marcus murphy
Auden Tate	auden tate
Charlie Smyth	charlie smyth
Austin Seferian-Jenkins	austin seferian-jenkins
Jordan Franks	jordan franks
Tyler Bray	tyler bray
Kyle Philips	kyle philips
Ricky Ortiz	ricky ortiz
T.J. Logan	tj logan
Tyler Loop	tyler loop
Tank Dell	tank dell
Willie Snead	willie snead
Marquez Callaway	marquez callaway
Jason Witten	jason witten
Malik Nabers	malik nabers
Larry Fitzgerald	larry fitzgerald
Alexander Hollins	alexander hollins
Alec Pierce	alec pierce
Isaiah Davis	isaiah davis
DK Metcalf	dk metcalf
DeAndrew White	deandrew white
Ray Davis	ray davis
Xavier Grimble	xavier grimble
Hayden Rucci	hayden rucci
Jermaine Jackson	jermaine jackson
Brett Maher	brett maher
Salvon Ahmed	salvon ahmed
Quinn Ewers	quinn ewers
Demetric Felton	demetric felton
Jehu Chesson	jehu chesson
Marvin Harrison Jr.	marvin harrison
Antonio Gates	antonio gates
Jaylen Waddle	jaylen waddle
Wan'Dale Robinson	wan'dale robinson
Lucas Krull	lucas krull
Tre Tucker	tre tucker
Chris Olave	chris olave
Roman Wilson	roman wilson
Evan McPherson	evan mcpherson
Adam Shaheen	adam shaheen
Avery Williams	avery williams
Tyreek Hill	tyreek hill
Darren Fells	darren fells
Levine Toilolo	levine toilolo
Roschon Johnson	roschon johnson
Giorgio Tavecchio	giorgio tavecchio
Lance McCutcheon	lance mccutcheon
Christian Kirk	christian kirk
Jacoby Jones	jacoby jones
Jaylen Warren	jaylen warren
Cam Newton	cam newton
Devontez Walker	devontez walker
Adam Vinatieri	adaminatieri
Tra Carson	tra carson
Antoine Green	antoine green
Terrance Ferguson	terrance ferguson
Dorian Thompson-Robinson	dorian thompson-robinson
Joe Webb	joe webb
Jalen McMillan	jalen mcmillan
Marcus Kemp	marcus kemp
Michael Wilson	michael wilson
Jeff Heuerman	jeff heuerman
Van Jefferson	van jefferson
Tylan Wallace	tylan wallace
Devonta Freeman	devonta freeman
Cam Akers	cam akers
Daniel Brown	daniel brown
J.J. Koski	jj koski
Tetairoa McMillan	tetairoa mcmillan
Brandon LaFell	brandon lafell
Jordan Reed	jordan reed
Stephen Anderson	stephen anderson
Kendall Milton	kendall milton
T.J. Hockenson	tj hockenson
JaQuan Hardy	jaquan hardy
Austin Walter	austin walter
Travis Fulgham	travis fulgham
Kenny Golladay	kenny golladay
Tyler Eifert	tyler eifert
Kristian Wilkerson	kristian wilkerson
George Pickens	george pickens
Davis Mills	davis mills
Keenan Allen	keenan allen
Elijah Cooks	elijah cooks
DJ Turner	dj turner
Chris Manhertz	chris manhertz
Alex Smith	alex smith
Darren Sproles	darren sproles
T.Y. Hilton	ty hilton
Anthony Miller	anthony miller
Tyrie Cleveland	tyrie cleveland
Jonathan Williams	jonathan williams
Isaiah Ford	isaiah ford
Scottie Phillips	scottie phillips
Cameron Latu	cameron latu
Nick Bawden	nick bawden
Kendall Hinton	kendall hinton
Marquez Valdes-Scantling	marquezaldes-scantling
Rishard Matthews	rishard matthews
Kyle Pitts	kyle pitts
John Ross	john ross
Samaje Perine	samaje perine
Alan Cross	alan cross
Devontae Booker	devontae booker
Isaiah Wright	isaiah wright
Michael Crabtree	michael crabtree
La'Mical Perine	la'mical perine
Tommy DeVito	tommy devito
John Wolford	john wolford
Jermar Jefferson	jermar jefferson
Kameron Johnson	kameron johnson
Gus Edwards	gus edwards
Jakob Johnson	jakob johnson
Deshaun Watson	deshaun watson
David Fales	david fales
Mohamed Sanu	mohamed sanu
Brenden Bates	brenden bates
Jahdae Walker	jahdae walker
Dexter Williams	dexter williams
Ezekiel Elliott	ezekiel elliott
Chris Blewitt	chris blewitt
Greg Joseph	greg joseph
Dontrelle Inman	dontrelle inman
Malik Taylor	malik taylor
Bijan Robinson	bijan robinson
Jayden Higgins	jayden higgins
Scott Miller	scott miller
John Shenker	john shenker
Ryan Grant	ryan grant
Jordy Nelson	jordy nelson
Paul Perkins	paul perkins
Taylor Gabriel	taylor gabriel
Jeremy Kerley	jeremy kerley
Jesse James	jesse james
Jalen Brooks	jalen brooks
Nate Adkins	nate adkins
Kamar Aiken	kamar aiken
Antonio Williams	antonio williams
Quinshon Judkins	quinshon judkins
Dazz Newsome	dazz newsome
Lil'Jordan Humphrey	lil'jordan humphrey
Mitchell Tinsley	mitchell tinsley
Tommylee Lewis	tommylee lewis
Troy Fumagalli	troy fumagalli
Spencer Brown	spencer brown
Chester Rogers	chester rogers
David Njoku	david njoku
Sal Cannella	sal cannella
Jacory Croskey-Merritt	jacory croskey-merritt
Julian Edelman	julian edelman
Kenjon Barner	kenjon barner
Zach Pascal	zach pascal
Blake Jarwin	blake jarwin
J.K. Dobbins	jk dobbins
Stephen Sullivan	stephen sullivan
Chad Beebe	chad beebe
Josh Gordon	josh gordon
Damarea Crockett	damarea crockett
Kwamie Lassiter II	kwamie lassiter
Luke Schoonmaker	luke schoonmaker
Ben Skowronek	ben skowronek
Elliott Fry	elliott fry
Cairo Santos	cairo santos
Owen Wright	owen wright
Greg Ward	greg ward
Sutton Smith	sutton smith
Nick Kallerup	nick kallerup
Lamar Jackson	lamar jackson
Brett Hundley	brett hundley
Jon Hilliman	jon hilliman
Tip Reiman	tip reiman
Jack Bech	jack bech
James Mitchell	james mitchell
Chris Rodriguez Jr.	chris rodriguez
Tyler Allgeier	tyler allgeier
KeeSean Johnson	keesean johnson
Sebastian Janikowski	sebastian janikowski
Jonathan Ward	jonathan ward
Savion Williams	savion williams
Russell Gage	russell gage
Darren Waller	darren waller
Ronnie Rivers	ronnie rivers
Josh McCown	josh mccown
Ryan Nall	ryan nall
Bobo Wilson	bobo wilson
James O'Shaughnessy	james o'shaughnessy
Alex Tanney	alex tanney
De'Lance Turner	de'lance turner
Robbie Chosen	robbie chosen
Marvin Mims Jr.	marvin mims
Troy Hairston	troy hairston
Ja'Lynn Polk	ja'lynn polk
Kalen Ballage	kalen ballage
Derek Carrier	derek carrier
Austin Seibert	austin seibert
Malachi Corley	malachi corley
Jameson Williams	jameson williams
Antonio Brown	antonio brown
Chris Myarick	chris myarick
Hakeem Valles	hakeemalles
J.J. Jones	jj jones
Henry Ruggs III	henry ruggs
Jaren Hall	jaren hall
Dont'e Thornton Jr.	dont'e thornton
Steven Hauschka	steven hauschka
Jason Croom	jason croom
Duke Johnson	duke johnson
Russell Wilson	russell wilson
Casey Washington	casey washington
Ed Dickson	ed dickson
Kedon Slovis	kedon slovis
Matt Lengel	matt lengel
James Cook	james cook
Xavier Smith	xavier smith
Jacob Cowing	jacob cowing
Kevin Harris	kevin harris
Ryan Fitzgerald	ryan fitzgerald
Caleb Sturgis	caleb sturgis
Krishawn Hogan	krishawn hogan
Jalen Camp	jalen camp
Malik Washington	malik washington
Xavier Weaver	xavier weaver
Mack Hollins	mack hollins
Dalton Keene	dalton keene
Cooper Kupp	cooper kupp
Marlon Mack	marlon mack
Trent Taylor	trent taylor
D'Onta Foreman	d'onta foreman
Tre'Quan Smith	tre'quan smith
Chandler Catanzaro	chandler catanzaro
Jaeden Graham	jaeden graham
Robbie Gould	robbie gould
Tom Brady	tom brady
Marcus Baugh	marcus baugh
Maurice Alexander	maurice alexander
Antonio Gandy-Golden	antonio gandy-golden
Michael Pittman	michael pittman
Tony Brooks-James	tony brooks-james
Pharaoh Brown	pharaoh brown
Danny Amendola	danny amendola
Tim White	tim white
Skyy Moore	skyy moore
Maurice Ffrench	maurice ffrench
Racey McMath	racey mcmath
Josh Bellamy	josh bellamy
Brock Bowers	brock bowers
Spencer Shrader	spencer shrader
Chimere Dike	chimere dike
Dan Bailey	dan bailey
Darius Cooper	darius cooper
Dominic Lovett	dominic lovett
Byron Pringle	byron pringle
Keilan Robinson	keilan robinson
Emanuel Wilson	emanuel wilson
Joe Burrow	joe burrow
Matt Bryant	matt bryant
Keon Hatcher	keon hatcher
Austin Mack	austin mack
Kerrith Whyte	kerrith whyte
Tyrone Swoopes	tyrone swoopes
Cam Skattebo	cam skattebo
Virgil Green	virgil green
Kenny Yeboah	kenny yeboah
John Phillips	john phillips
Jerick McKinnon	jerick mckinnon
Rachaad White	rachaad white
Kayshon Boutte	kayshon boutte
Nick Keizer	nick keizer
Blake Watson	blake watson
Victor Bolden	victor bolden
Zack Moss	zack moss
Randall Cobb	randall cobb
Nick Williams	nick williams
Ulysses Bentley IV	ulysses bentley
Ke'Shawn Williams	ke'shawn williams
Ventell Bryant	ventell bryant
Doug Martin	doug martin
Malik Davis	malik davis
Allen Robinson	allen robinson
Hunter Luepke	hunter luepke
Chris Streveler	chris streveler
Deontay Burnett	deontay burnett
Erik Swoope	erik swoope
Matt Ammendola	matt ammendola
Nathan Peterman	nathan peterman
Cody Kessler	cody kessler
Keke Coutee	keke coutee
Tutu Atwell	tutu atwell
Trey Quinn	trey quinn
Irvin Charles	irvin charles
Shane Zylstra	shane zylstra
Bhayshul Tuten	bhayshul tuten
Jared Pinkney	jared pinkney
Brandon Aubrey	brandon aubrey
Ricky Pearsall	ricky pearsall
Brittain Brown	brittain brown
Ka'imi Fairbairn	ka'imi fairbairn
Dallas Goedert	dallas goedert
Taiwan Jones	taiwan jones
Sammis Reyes	sammis reyes
C.J. Board	cj board
Hunter Henry	hunter henry
Eric Tomlinson	eric tomlinson
Tahj Brooks	tahj brooks
Freddie Swain	freddie swain
Durham Smythe	durham smythe
Baylor Cupp	baylor cupp
D.J. Foster	dj foster
Tommy Sweeney	tommy sweeney
Jalen Richard	jalen richard
Lawrence Cager	lawrence cager
Laviska Shenault Jr.	laviska shenault
Tyler Boyd	tyler boyd
Isaiah Likely	isaiah likely
Ryan Miller	ryan miller
Jordan Whittington	jordan whittington
Albert Wilson	albert wilson
Noah Fant	noah fant
Jerome Cunningham	jerome cunningham
Deon Jackson	deon jackson
Noah Togiai	noah togiai
Justin Davis	justin davis
Andrew Beck	andrew beck
Damien Harris	damien harris
Gabe Davis	gabe davis
Blake Bortles	blake bortles
Theo Riddick	theo riddick
Noah Gray	noah gray
Andre Szmyt	andre szmyt
Josh Oliver	josh oliver
Justyn Ross	justyn ross
Golden Tate	golden tate
Samori Toure	samori toure
Brett Rypien	brett rypien
Tommy Hudson	tommy hudson
Marvin Hall	marvin hall
Ted Ginn	ted ginn
Jalen Tolbert	jalen tolbert
Darius Jennings	darius jennings
Dalton Kincaid	dalton kincaid
Josh Palmer	josh palmer
Isaac TeSlaa	isaac teslaa
Christian McCaffrey	christian mccaffrey
Sewo Olonilua	sewo olonilua
Hunter Renfrow	hunter renfrow
Jay Ajayi	jay ajayi
David Sills	david sills
Austin Trammell	austin trammell
Josh Jacobs	josh jacobs
Nick Mullens	nick mullens
JuJu Smith-Schuster	juju smith-schuster
Dylan Sampson	dylan sampson
Josh Hill	josh hill
Odell Beckham Jr.	odell beckham
Kaare Vedvik	kaareedvik
Jalen Coker	jalen coker
Dee Eskridge	dee eskridge
Dwayne Washington	dwayne washington
Garrett Griffin	garrett griffin
Chase Claypool	chase claypool
Jerry Jeudy	jerry jeudy
Tanner Conner	tanner conner
Jarrett Stidham	jarrett stidham
Kurt Benkert	kurt benkert
Rodney Adams	rodney adams
Brandon Bolden	brandon bolden
Ja'Tavion Sanders	ja'tavion sanders
Eli Manning	eli manning
D'Andre Swift	d'andre swift
John Bates	john bates
Stephen Carlson	stephen carlson
Blake Bell	blake bell
Anthony McFarland	anthony mcfarland
T.J. Yeldon	tj yeldon
Alvin Kamara	alvin kamara
Charlie Woerner	charlie woerner
Mitchell Evans	mitchell evans
Ko Kieft	ko kieft
Antonio Callaway	antonio callaway
Amari Cooper	amari cooper
Godwin Igwebuike	godwin igwebuike
Cameron Artis-Payne	cameron artis-payne
Jalen Hurts	jalen hurts
Rob Gronkowski	rob gronkowski
Sean Clifford	sean clifford
D'Ernest Johnson	d'ernest johnson
Justin Hardy	justin hardy
Nick Vannett	nickannett
Miles Boykin	miles boykin
Troy Franklin	troy franklin
Daurice Fountain	daurice fountain
Spencer Schnell	spencer schnell
Chris Blair	chris blair
Kene Nwangwu	kene nwangwu
Joshua Kelley	joshua kelley
Mason Rudolph	mason rudolph
Travis Etienne	travis etienne
David Moore	david moore
Cameron Meredith	cameron meredith
Zach Charbonnet	zach charbonnet
Garrett Celek	garrett celek
Jakeem Grant	jakeem grant
Isaiah Zuber	isaiah zuber
Chris Naggar	chris naggar
Nick Westbrook-Ikhine	nick westbrook-ikhine
Deon Yelder	deon yelder
Tyjae Spears	tyjae spears
Darrius Shepherd	darrius shepherd
Garrett Gilbert	garrett gilbert
Kylin Hill	kylin hill
Kyren Williams	kyren williams
Jordan Leggett	jordan leggett
Aaron Shampklin	aaron shampklin
Jelani Woods	jelani woods
Andy Jones	andy jones
Trayveon Williams	trayveon williams
Mark Andrews	mark andrews
Doug Baldwin	doug baldwin
Matthew Golden	matthew golden
Terrance Williams	terrance williams
Joe Milton III	joe milton
Jackson Hawes	jackson hawes
Jalen Tolliver	jalen tolliver
Amari Rodgers	amari rodgers
Tyrell Shavers	tyrell shavers
Olamide Zaccheaus	olamide zaccheaus
Dontayvion Wicks	dontayvion wicks
Tim Patrick	tim patrick
Romeo Doubs	romeo doubs
Mohamed Ibrahim	mohamed ibrahim
Keelan Cole	keelan cole
Colson Yankoff	colson yankoff
Will Grier	will grier
Quintez Cephus	quintez cephus
Ben Roethlisberger	ben roethlisberger
Teddy Bridgewater	teddy bridgewater
Tyron Johnson	tyron johnson
Payne Durham	payne durham
Seth Williams	seth williams
Ty Chandler	ty chandler
LaJohntay Wester	lajohntay wester
Robert Foster	robert foster
Todd Gurley	todd gurley
Chad Ryland	chad ryland
Jamaal Williams	jamaal williams
Corey Coleman	corey coleman
Spencer Ware	spencer ware
David Morgan	david morgan
MarShawn Lloyd	marshawn lloyd
Kenny McIntosh	kenny mcintosh
Antony Auclair	antony auclair
Kerryon Johnson	kerryon johnson
Bam Knight	bam knight
Melvin Gordon	melvin gordon
Darrius Heyward-Bey	darrius heyward-bey
Marcus Mariota	marcus mariota
Gunner Olszewski	gunner olszewski
Dez Fitzpatrick	dez fitzpatrick
David Johnson	david johnson
Giovani Bernard	giovani bernard
Brevin Jordan	brevin jordan
Caleb Shudak	caleb shudak
Tyler Scott	tyler scott
Quentin Johnston	quentin johnston
Kevin White	kevin white
Marvin Jones	marvin jones
Luke Falk	luke falk
Dwayne Haskins	dwayne haskins
Benjamin Watson	benjamin watson
Stone Smartt	stone smartt
Jon Brown	jon brown
Justin Hunter	justin hunter
Jonnu Smith	jonnu smith
Isaiah Hodgins	isaiah hodgins
Rodrigo Blankenship	rodrigo blankenship
Torrey Smith	torrey smith
Kearis Jackson	kearis jackson
Daniel Helm	daniel helm
Rod Williams	rod williams
Max Brosmer	max brosmer
Trevor Etienne	trevor etienne
Travis Kelce	travis kelce
Jha'Quan Jackson	jha'quan jackson
K.J. Hill	kj hill
Devlin Hodges	devlin hodges
Hunter Bryant	hunter bryant
Blake Corum	blake corum
Fred Brown	fred brown
Mike Davis	mike davis
Matt Schaub	matt schaub
Saquon Barkley	saquon barkley
Rhamondre Stevenson	rhamondre stevenson
Ronald Jones	ronald jones
DeVonta Smith	devonta smith
KJ Hamler	kj hamler
Irv Smith	irv smith
Deonte Harty	deonte harty
Theo Wease Jr.	theo wease
J'Mon Moore	j'mon moore
Josh Whyle	josh whyle
Dontrell Hilliard	dontrell hilliard
Marcus Johnson	marcus johnson
Mike Wallace	mike wallace
Alshon Jeffery	alshon jeffery
Kevin Rader	kevin rader
Derrius Guice	derrius guice
Terrell Jennings	terrell jennings
Marquise Brown	marquise brown
Mike Boone	mike boone
Jarvis Landry	jarvis landry
Jacob Harris	jacob harris
Adrian Peterson	adrian peterson
Garrett Wilson	garrett wilson
Justin Fields	justin fields
Deon Cain	deon cain
Nate Carter	nate carter
Joshua Karty	joshua karty
Taysom Hill	taysom hill
Gunnar Helm	gunnar helm
Matthew Wright	matthew wright
Brock Purdy	brock purdy
Derrick Willies	derrick willies
Anthony Brown	anthony brown
Christian Watson	christian watson
Diontae Spencer	diontae spencer
Jalen Virgil	jalenirgil
Malik Turner	malik turner
Donovan Peoples-Jones	donovan peoples-jones
Myles Gaskin	myles gaskin
Raheem Blackshear	raheem blackshear
DeeJay Dallas	deejay dallas
Josh Allen	josh allen
Jude McAtamney	jude mcatamney
Matt Gay	matt gay
Rashard Higgins	rashard higgins
Royce Freeman	royce freeman
Brayden Narveson	brayden narveson
Nick Foles	nick foles
Larry Rountree III	larry rountree
Darwin Thompson	darwin thompson
Eddy Pineiro	eddy pineiro
Tommy Stevens	tommy stevens
Drew Brees	drew brees
K.J. Osborn	kj osborn
Nick Sciba	nick sciba
Mason Kinsey	mason kinsey
Tavon Austin	tavon austin
Denzel Mims	denzel mims
Tyquan Thornton	tyquan thornton
Tristan Vizcaino	tristanizcaino
Jaydon Mickens	jaydon mickens
Tyree Jackson	tyree jackson
Tanner McKee	tanner mckee
Cole Wick	cole wick
Charles Jones	charles jones
Sean McKeon	sean mckeon
Ramel Keyton	ramel keyton
Andy Borregales	andy borregales
Giovanni Ricci	giovanni ricci
Austin Hooper	austin hooper
Bo Nix	bo nix
Sam Howell	sam howell
Coleman Owen	coleman owen
Ben Sims	ben sims
Anthony Gould	anthony gould
Paul Richardson	paul richardson
DeMario Douglas	demario douglas
James Robinson	james robinson
Brock Osweiler	brock osweiler
Luke Farrell	luke farrell
Cody Hollister	cody hollister
Gary Brightwell	gary brightwell
Jack Stoll	jack stoll
Mac Jones	mac jones
Jaxon Smith-Njigba	jaxon smith-njigba
Mason Schreck	mason schreck
Adam Prentice	adam prentice
Jaydon Blue	jaydon blue
Brayden Willis	brayden willis
Matt McCrane	matt mccrane
Sean Culkin	sean culkin
Will Shipley	will shipley
Jack Westover	jack westover
DeSean Jackson	desean jackson
Rashad Greene	rashad greene
Jake Bates	jake bates
Cole Beasley	cole beasley
John Brown	john brown
Matt LaCosse	matt lacosse
Andrew Luck	andrew luck
Joe Reed	joe reed
Jeff Smith	jeff smith
Robert Tonyan	robert tonyan
C.J. Stroud	cj stroud
Jake Haener	jake haener
Cullen Gillaspia	cullen gillaspia
Nikko Remigio	nikko remigio
A.J. Green	aj green
Treylon Burks	treylon burks
Woody Marks	woody marks
Justice Hill	justice hill
Graham Gano	graham gano
Matt Breida	matt breida
Andrew Ogletree	andrew ogletree
Dawson Knox	dawson knox
Alex Armah	alex armah
Kenneth Walker III	kenneth walker
Cade Johnson	cade johnson
Devin Duvernay	devin duvernay
Brandon Weeden	brandon weeden
Maxx Williams	maxx williams
Jeff Wilson	jeff wilson
CeeDee Lamb	ceedee lamb
Pooka Williams Jr.	pooka williams
Omarion Hampton	omarion hampton
Chris Evans	chris evans
Tyreik McAllister	tyreik mcallister
Michael Bandy	michael bandy
Alex Erickson	alex erickson
Chad Williams	chad williams
Terrace Marshall Jr.	terrace marshall
Elijah Arroyo	elijah arroyo
Jimmy Horn Jr.	jimmy horn
Mekhi Sargent	mekhi sargent
Jared Wiley	jared wiley
Grant Calcaterra	grant calcaterra
Byron Marshall	byron marshall
Keon Coleman	keon coleman
Riley McCarron	riley mccarron
Luther Burden III	luther burden
Shedeur Sanders	shedeur sanders
Travaris Cadet	travaris cadet
Alex Bachman	alex bachman
Darvin Kidsy	darvin kidsy
Chris Boswell	chris boswell
Josh Williams	josh williams
Diontae Johnson	diontae johnson
Will Mallory	will mallory
Zach Zenner	zach zenner
Jake Funk	jake funk
Neal Sterling	neal sterling
Ryan Finley	ryan finley
Brian Thomas Jr.	brian thomas
Chase Edmonds	chase edmonds
Davion Davis	davion davis
Bisi Johnson	bisi johnson
Jake Butt	jake butt
Phillip Lindsay	phillip lindsay
Tevin Jones	tevin jones
Aldrick Robinson	aldrick robinson
Sammie Coates	sammie coates
Dallin Holker	dallin holker
Jake Moody	jake moody
Donald Parham	donald parham
Antonio Gibson	antonio gibson
Braelon Allen	braelon allen
Tucker Kraft	tucker kraft
Matt Flanagan	matt flanagan
Jeremy Langford	jeremy langford
Calvin Austin III	calvin austin
Brendan Langley	brendan langley
Da'Mari Scott	da'mari scott
Emari Demercado	emari demercado
Britain Covey	britain covey
Jaret Patterson	jaret patterson
Sam Darnold	sam darnold
Brashard Smith	brashard smith
Jonathan Taylor	jonathan taylor
Lew Nichols III	lew nichols
Kaleb Johnson	kaleb johnson
Dameon Pierce	dameon pierce
Bryan Edwards	bryan edwards
Nsimba Webster	nsimba webster
Foster Moreau	foster moreau
Ashton Dulin	ashton dulin
Ashton Jeanty	ashton jeanty
Logan Woodside	logan woodside
Jalen Reagor	jalen reagor
Jimmy Garoppolo	jimmy garoppolo
Baker Mayfield	baker mayfield
Bilal Powell	bilal powell
Jake Bobo	jake bobo
Eno Benjamin	eno benjamin
Ethan Wolf	ethan wolf
Brian Quick	brian quick
Josh Reynolds	josh reynolds
Taywan Taylor	taywan taylor
Ty Johnson	ty johnson
Kareem Hunt	kareem hunt
Derek Anderson	derek anderson
Alex Collins	alex collins
Justin Jefferson	justin jefferson
Lirim Hajrullahu	lirim hajrullahu
Nikola Kalinic	nikola kalinic
Kalif Raymond	kalif raymond
Troymaine Pope	troymaine pope
Corey Davis	corey davis
Erik Ezukanma	erik ezukanma
Chris Herndon	chris herndon
Ronnie Bell	ronnie bell
Chris Conley	chris conley
Ricky Seals-Jones	ricky seals-jones
Carson Steele	carson steele
Kyle Monangai	kyle monangai
James White	james white
Ty Montgomery	ty montgomery
Robert Turbin	robert turbin
Mike Woods	mike woods
Brandon McManus	brandon mcmanus
Benny Snell	benny snell
Robert Davis	robert davis
Zane Gonzalez	zane gonzalez
Teagan Quitoriano	teagan quitoriano
Ladd McConkey	ladd mcconkey
Josh Doctson	josh doctson
Cam Ward	cam ward
Quintin Morris	quintin morris
Pharoh Cooper	pharoh cooper
Buddy Howell	buddy howell
De'Von Achane	de'von achane
Jamize Olawale	jamize olawale
Malik Heath	malik heath
JoJo Natson	jojo natson
Kenneth Gainwell	kenneth gainwell
Dante Miller	dante miller
Jashaun Corbin	jashaun corbin
Jeff Badet	jeff badet
Eli Rogers	eli rogers
Michael Floyd	michael floyd
Geoff Swaim	geoff swaim
Trey Ragas	trey ragas
Mike Gesicki	mike gesicki
D.J. Williams	dj williams
JaMycal Hasty	jamycal hasty
Roc Thomas	roc thomas
Jalen Royals	jalen royals
Amon-Ra St. Brown	amon-ra st brown
Brian Johnson	brian johnson
AJ McCarron	aj mccarron
John Parker Romo	john parker romo
Bryce Young	bryce young
Brandon Zylstra	brandon zylstra
Daniel Jones	daniel jones
Martavis Bryant	martavis bryant
Brandon Powell	brandon powell
Joey Slye	joey slye
Rex Burkhead	rex burkhead
Israel Abanikanda	israel abanikanda
Tre' McKitty	tre' mckitty
N'Keal Harry	n'keal harry
Wendell Smallwood	wendell smallwood
Rod Smith	rod smith
Cam Little	cam little
Rashee Rice	rashee rice
Jalin Hyatt	jalin hyatt
Travis Hunter	travis hunter
Darrell Henderson	darrell henderson
Tanner Gentry	tanner gentry
Wayne Gallman	wayne gallman
Mitchell Trubisky	mitchell trubisky
Randy Bullock	randy bullock
Stanley Morgan	stanley morgan
Adam Thielen	adam thielen
Isaiah Spiller	isaiah spiller
Geronimo Allison	geronimo allison
Delanie Walker	delanie walker
Darius Bradwell	darius bradwell
